{
    "engine": "rancher-desktop",
    "test_type": "idle",
    "duration": 60,
    "interval": 5,
    "samples": 6,
    "metrics": {
        "cpu_average": 116.26666666666667,
        "memory_average": 10040.393229166666,
        "power_average_mw": 17389.07470125883
    }
}